City,Latitude,Longitude,Temperature (F),Humidity (%),Cloudiness,Wind Speed (MPH),Country,Date
nikolskoye,59.7035,30.7861,10.99,79,75,13.42,RU,1612630830
chitipa,-9.7024,33.2697,68.04,91,99,2.53,MW,1612630831
placido de castro,-10.3353,-67.1856,77.76,82,99,2.98,BR,1612630831
naze,28.3667,129.4833,61.47,82,98,7.16,JP,1612630832
kota bahru,6.1333,102.2386,77.0,83,20,5.75,MY,1612630832
srednekolymsk,67.45,153.6833,-21.17,84,6,2.77,RU,1612630833
lebu,-37.6167,-73.65,62.8,77,87,6.15,CL,1612630834
cape town,-33.9258,18.4232,73.4,68,20,19.57,ZA,1612630756
busselton,-33.65,115.3333,59.0,95,100,1.99,AU,1612630835
yellowknife,62.456,-114.3525,-41.01,65,1,4.34,CA,1612630835
waitati,-45.75,170.5667,57.99,79,7,14.0,NZ,1612630836
bukan,36.521,46.2089,45.3,80,100,0.81,IR,1612630566
itoman,26.1247,127.6694,68.0,88,40,1.14,JP,1612630597
saldanha,-33.0117,17.9442,75.2,64,20,18.41,ZA,1612630837
ushuaia,-54.8,-68.3,51.8,50,20,18.41,AR,1612630838
zabaykalsk,49.6333,117.3167,-11.22,85,0,6.78,RU,1612630838
saint-philippe,-21.3585,55.7679,82.4,74,90,4.61,RE,1612630839
atuona,-9.8,-139.0333,80.17,77,57,22.41,PF,1612630840
lucapa,-8.4192,20.7447,69.55,96,100,4.65,AO,1612630841
upernavik,72.7868,-56.1549,20.59,81,100,6.51,GL,1612630580
kapaa,22.0752,-159.319,60.01,82,40,8.05,US,1612630842
castro,-24.7911,-50.0119,76.26,50,0,7.45,BR,1612630842
nantucket,41.2835,-70.0995,39.99,56,1,17.27,US,1612630545
tuktoyaktuk,69.4541,-133.0374,-16.6,76,90,16.11,CA,1612630843
albany,42.6001,-73.9662,36.0,36,80,1.99,US,1612630610
emerald,-23.5333,148.1667,84.2,65,100,8.05,AU,1612630844
punta arenas,-53.15,-70.9167,57.2,41,20,19.57,CL,1612630844
ribeira grande,38.5167,-28.7,60.8,88,75,24.16,PT,1612630845
cairns,-16.9167,145.7667,78.8,89,40,8.05,AU,1612630824
humberto de campos,-2.5983,-43.4611,89.96,52,96,10.67,BR,1612630846
butaritari,3.0707,172.7902,80.87,81,93,21.94,KI,1612630846
atlantic city,39.3643,-74.4229,46.99,34,1,19.57,US,1612630843
port lincoln,-34.7333,135.8667,60.62,82,78,13.58,AU,1612630847
save,8.0425,2.486,101.39,16,76,2.46,BJ,1612630848
rapid valley,44.0625,-103.1463,3.0,78,75,4.61,US,1612630848
suntar,62.1444,117.6319,-22.9,87,90,2.8,RU,1612630703
kloulklubed,7.0419,134.2556,78.8,94,75,8.05,PW,1612630849
thompson,55.7435,-97.8558,-34.6,67,75,9.22,CA,1612630849
te anau,-45.4167,167.7167,52.21,85,26,1.01,NZ,1612630850
hobart,-42.8794,147.3294,57.99,82,12,6.91,AU,1612630823
kinablangan,7.6947,126.5503,78.01,81,97,8.48,PH,1612630851
east london,-33.0153,27.9116,77.0,88,75,6.91,ZA,1612630851
tahoua,14.8888,5.2692,87.8,7,78,6.91,NE,1612630852
champerico,14.3,-91.9167,86.0,39,0,4.61,GT,1612630852
dicabisagan,17.0818,122.4157,75.6,88,87,5.28,PH,1612630853
okha,53.5739,142.9478,-0.42,92,100,15.59,RU,1612630853
cockburn town,21.4612,-71.1419,82.4,65,40,18.41,TC,1612630854
kodarma,24.4667,85.6,55.96,82,19,3.13,IN,1612630855
sungai besar,3.6746,100.9867,82.4,83,40,2.3,MY,1612630855
shimoda,34.6667,138.95,51.03,59,0,14.27,JP,1612630856
tomatlan,19.9333,-105.25,85.12,46,80,2.51,MX,1612630856
constitucion,-35.3333,-72.4167,65.08,71,84,4.18,CL,1612630857
mayumba,-3.432,10.6554,80.78,79,75,5.84,GA,1612630857
gimli,50.6336,-96.9907,-20.2,63,99,14.97,CA,1612630858
vryburg,-26.9566,24.7284,72.46,71,81,9.33,ZA,1612630858
rikitea,-23.1203,-134.9692,77.47,75,100,13.15,PF,1612630859
eirunepe,-6.6603,-69.8736,93.0,50,95,1.66,BR,1612630859
nevsehir,38.9167,34.6667,46.4,57,0,5.75,TR,1612630860
lagoa,39.05,-27.9833,59.61,90,100,20.94,PT,1612630860
mount isa,-20.7333,139.5,73.4,100,40,6.91,AU,1612630861
half moon bay,37.4636,-122.4286,54.0,100,1,3.44,US,1612630862
mataura,-46.1927,168.8643,48.85,95,2,0.56,NZ,1612630863
alihe,50.5667,123.7167,-11.79,85,13,3.04,CN,1612630863
vaini,-21.2,-175.2,73.4,100,90,11.5,TO,1612630864
dalvik,65.9702,-18.5286,32.0,64,20,9.22,IS,1612630665
tonbridge,51.1924,0.2753,45.0,96,100,3.0,GB,1612630865
hilo,19.7297,-155.09,60.8,67,1,6.91,US,1612630716
iqaluit,63.7506,-68.5145,23.0,86,75,19.57,CA,1612630612
karema,-6.8205,30.4389,75.96,76,66,7.09,TZ,1612630866
barrow,71.2906,-156.7887,-0.4,71,90,10.36,US,1612630583
tessalit,20.1986,1.0114,88.07,11,99,13.51,ML,1612630866
whitehorse,60.7161,-135.0538,-15.0,76,20,3.44,CA,1612630867
kiama,-34.6833,150.8667,64.99,81,0,3.0,AU,1612630867
vardo,70.3705,31.1107,23.0,74,40,18.41,NO,1612630670
opotiki,-38.0833,177.2833,54.0,89,91,6.98,NZ,1612630868
boa vista,2.8197,-60.6733,87.8,48,75,14.97,BR,1612630868
poum,-20.2333,164.0167,79.84,67,13,2.84,NC,1612630869
petropavlovsk-kamchatskiy,53.0452,158.6483,23.0,63,100,22.37,RU,1612630869
alofi,-19.0595,-169.9187,77.0,88,100,6.91,NU,1612630869
ahipara,-35.1667,173.1667,58.5,87,84,4.05,NZ,1612630870
caravelas,-17.7125,-39.2481,83.12,79,93,10.78,BR,1612630871
harwich,51.9419,1.2844,43.0,91,100,11.99,GB,1612630871
jamestown,42.097,-79.2353,19.99,62,1,21.85,US,1612630871
hasaki,35.7333,140.8333,41.0,81,20,8.05,JP,1612630872
clyde river,70.4692,-68.5914,-14.8,84,40,2.3,CA,1612630872
mbandaka,0.0487,18.2603,80.8,65,87,0.74,CD,1612630872
rapid city,44.0805,-103.231,3.0,78,75,4.61,US,1612630873
chuy,-33.6971,-53.4616,81.66,48,0,10.11,UY,1612630873
souillac,-20.5167,57.5167,78.8,83,20,5.75,MU,1612630873
hithadhoo,-0.6,73.0833,82.02,76,100,15.1,MV,1612630874
nakhon phanom,17.3333,104.4167,63.91,82,0,6.69,TH,1612630874
arraial do cabo,-22.9661,-42.0278,77.0,73,75,2.3,BR,1612630807
reconquista,-29.15,-59.65,88.12,27,0,6.91,AR,1612630875
issoire,45.55,3.25,57.2,58,90,21.85,FR,1612630875
mogadishu,2.0371,45.3438,77.45,78,0,19.48,SO,1612630875
tra vinh,9.9347,106.3453,75.49,76,61,7.65,VN,1612630876
nabire,-3.3667,135.4833,75.61,85,100,4.07,ID,1612630876
puri,19.8,85.85,71.6,68,20,9.01,IN,1612630876
kruisfontein,-34.0033,24.7314,73.0,80,0,1.99,ZA,1612630877
kijang,35.2442,129.2139,37.4,87,1,3.44,KR,1612630877
ziarat,30.3823,67.7282,42.71,50,12,3.49,PK,1612630878
bluff,-46.6,168.3333,53.92,85,19,3.31,NZ,1612630878
dudinka,69.4058,86.1778,-30.28,81,0,10.11,RU,1612630878
aklavik,68.2191,-135.0107,-27.4,68,20,2.3,CA,1612630879
ponta do sol,32.6667,-17.1,60.01,60,47,1.01,PT,1612630879
dikson,73.5069,80.5464,-29.22,86,43,9.75,RU,1612630879
new norfolk,-42.7826,147.0587,57.99,75,12,1.01,AU,1612630880
tiksi,71.6872,128.8694,-25.64,85,100,6.67,RU,1612630880
kaihua,23.3687,104.28,56.3,89,65,6.42,CN,1612630880
karratha,-20.7377,116.8463,78.58,76,16,11.12,AU,1612630881
rio grande,-32.035,-52.0986,80.01,61,20,5.75,BR,1612630825
marawi,7.9986,124.2928,75.0,91,99,5.01,PH,1612630881
kharan,28.5833,65.4167,55.62,27,0,2.8,PK,1612630882
hermanus,-34.4187,19.2345,71.01,87,20,1.99,ZA,1612630840
severodvinsk,64.5635,39.8302,6.8,78,40,6.71,RU,1612630882
honiara,-9.4333,159.95,78.22,85,100,7.43,SB,1612630883
ventspils,57.3894,21.5606,10.4,92,75,2.3,LV,1612630883
the pas,53.8251,-101.2541,-29.2,68,1,13.8,CA,1612630883
narsaq,60.9167,-46.05,33.8,25,1,24.16,GL,1612630884
shenandoah,30.4013,-91.0009,50.0,93,99,1.01,US,1612630585
avarua,-21.2078,-159.775,75.2,94,20,2.3,CK,1612630884
kaitangata,-46.2817,169.8464,50.04,93,3,2.93,NZ,1612630885
yelizovo,53.1873,158.3805,23.0,63,100,22.37,RU,1612630885
bathsheba,13.2167,-59.5167,84.2,54,40,21.85,BB,1612630886
port alfred,-33.5906,26.891,75.0,89,18,3.0,ZA,1612630886
san patricio,28.017,-97.5169,64.4,82,90,9.22,US,1612630887
balagansk,54.0103,103.0544,3.34,91,100,4.23,RU,1612630887
roald,62.5833,6.1333,21.0,68,0,1.14,NO,1612630887
pisco,-13.7,-76.2167,75.0,83,75,9.22,PE,1612630887
glenwood springs,39.5505,-107.3248,27.0,87,72,4.52,US,1612630860
uhlove,44.8215,33.6045,44.01,72,99,5.93,UA,1612630888
la romana,18.4273,-68.9728,84.2,74,40,9.22,DO,1612630888
storozhevaya,43.8789,41.4514,34.36,86,100,2.73,RU,1612630889
rio gallegos,-51.6226,-69.2181,60.8,31,40,14.97,AR,1612630889
bahia blanca,-38.7196,-62.2724,85.93,37,0,12.84,AR,1612630850
lethem,3.3803,-59.7968,92.1,40,73,11.86,GY,1612630890
kodiak,57.79,-152.4072,24.8,68,1,9.55,US,1612630890
edd,13.9297,41.6925,75.0,71,37,16.69,ER,1612630891
luanda,-8.8368,13.2343,84.2,70,20,10.36,AO,1612630707
state college,40.7934,-77.86,32.0,50,1,26.46,US,1612630647
taquarituba,-23.5331,-49.2444,83.23,47,6,2.21,BR,1612630892
pevek,69.7008,170.3133,-1.64,86,100,2.24,RU,1612630892
kargasok,59.0556,80.8572,33.84,97,100,12.15,RU,1612630893
erzin,36.9559,36.2,62.01,84,0,1.7,TR,1612630893
manono,-7.3,27.4167,74.25,89,100,3.31,CD,1612630893
laguna,38.421,-121.4238,46.4,87,1,2.3,US,1612630894
ulcinj,41.9294,19.2244,57.2,76,20,1.14,ME,1612630690
nanortalik,60.1432,-45.2371,24.37,79,0,4.81,GL,1612630894
conceicao do araguaia,-8.2578,-49.2647,82.71,80,92,6.76,BR,1612630894
sao felix do xingu,-6.6447,-51.995,81.46,75,100,1.9,BR,1612630895
carnarvon,-24.8667,113.6333,80.6,100,40,11.5,AU,1612630895
puerto ayora,-0.7393,-90.3518,82.4,74,40,9.22,EC,1612630895
tasiilaq,65.6145,-37.6368,32.0,100,75,42.57,GL,1612630896
luau,-10.7073,22.2247,69.98,92,100,5.86,AO,1612630896
chokurdakh,70.6333,147.9167,-18.65,87,97,4.85,RU,1612630897
coihaique,-45.5752,-72.0662,68.0,45,0,9.22,CL,1612630897
san lawrenz,36.0553,14.204,62.6,67,0,6.91,MT,1612630897
cidreira,-30.1811,-50.2056,75.94,62,56,10.4,BR,1612630898
gumdag,39.2061,54.5906,50.18,74,77,2.3,TM,1612630898
la baule-escoublac,47.2922,-2.364,48.2,66,75,9.22,FR,1612630899
santa maria,-29.6842,-53.8069,75.2,57,20,4.61,BR,1612630629
zhigansk,66.7697,123.3711,-41.46,80,45,10.45,RU,1612630899
georgetown,5.4112,100.3354,84.2,74,20,5.75,MY,1612630817
kayseri,38.737,35.4968,42.8,61,0,1.14,TR,1612630900
dhidhdhoo,6.8833,73.1,81.91,76,63,11.21,MV,1612630900
capaci,38.1711,13.2393,75.2,22,0,13.8,IT,1612630900
cabo san lucas,22.8909,-109.9124,73.0,72,1,3.44,MX,1612630802
safford,32.834,-109.7076,54.0,37,1,2.68,US,1612630901
khatanga,71.9667,102.5,-36.74,77,0,5.86,RU,1612630901
jalu,29.0331,21.5482,66.58,30,55,8.43,LY,1612630902
fare,-16.7,-151.0167,81.61,69,6,10.6,PF,1612630902
oriximina,-1.7656,-55.8661,94.98,40,28,4.23,BR,1612630902
victoria,22.2855,114.1577,66.99,68,0,3.98,HK,1612630854
cayenne,4.9333,-52.3333,78.8,94,75,5.75,GF,1612630903
corum,40.5,34.75,45.75,58,0,2.57,TR,1612630903
huarmey,-10.0681,-78.1522,75.9,64,86,9.71,PE,1612630903
claremore,36.3126,-95.6161,48.99,46,90,4.61,US,1612630904
praia da vitoria,38.7333,-27.0667,64.4,77,40,11.68,PT,1612630904
provideniya,64.3833,-173.3,2.08,92,71,4.09,RU,1612630904
qaanaaq,77.484,-69.3632,11.07,88,100,7.56,GL,1612630905
kutum,14.2,24.6667,60.78,28,0,10.33,SD,1612630741
berlevag,70.8578,29.0864,26.55,93,100,23.44,NO,1612630906
grand gaube,-20.0064,57.6608,80.01,77,39,3.0,MU,1612630906
leningradskiy,69.3833,178.4167,-13.34,79,74,6.46,RU,1612630907
dehloran,32.6941,47.2679,58.39,69,100,12.62,IR,1612630864
krutinka,56.0055,71.5113,33.57,95,100,20.18,RU,1612630907
lorengau,-2.0226,147.2712,81.55,79,49,5.55,PG,1612630908
codrington,-38.2667,141.9667,58.3,79,91,15.03,AU,1612630908
severo-kurilsk,50.6789,156.125,20.12,94,100,16.04,RU,1612630859
abha,18.2164,42.5053,55.4,76,40,11.5,SA,1612630909
puerto el triunfo,13.2833,-88.55,89.6,61,0,6.91,SV,1612630909
mariel,22.9875,-82.7536,80.6,74,20,10.36,CU,1612630909
tacna,-18.0056,-70.2483,78.8,50,0,8.05,PE,1612630746
sisimiut,66.9395,-53.6735,20.21,76,0,14.99,GL,1612630910
grand-santi,4.25,-54.3833,80.64,90,86,4.79,GF,1612630910
norman wells,65.282,-126.8329,-34.6,67,40,4.61,CA,1612630910
trairi,-3.2778,-39.2689,88.05,55,42,13.27,BR,1612630911
camacha,33.0833,-16.3333,60.8,59,40,19.57,PT,1612630911
antofagasta,-23.65,-70.4,73.99,60,0,13.8,CL,1612630897
price,39.5994,-110.8107,33.8,47,1,3.44,US,1612630912
comodoro rivadavia,-45.8667,-67.5,60.8,67,75,20.71,AR,1612630802
beringovskiy,63.05,179.3167,-9.11,88,1,7.0,RU,1612630912
vila franca do campo,37.7167,-25.4333,59.0,88,40,17.27,PT,1612630912
kemijarvi,66.7131,27.4306,15.33,95,60,9.35,FI,1612630913
hamilton,39.1834,-84.5333,30.2,40,1,4.16,US,1612630913
namibe,-15.1961,12.1522,74.3,74,28,11.21,AO,1612630913
horodniceni,47.5333,26.1667,26.01,93,90,4.61,RO,1612630914
sosua,19.7667,-70.5167,84.2,70,20,13.8,DO,1612630914
kinwat,19.6333,78.2,69.24,32,3,1.86,IN,1612630914
hervey bay,-25.2986,152.8535,75.0,81,100,1.01,AU,1612630915
padrauna,26.9025,83.9819,56.57,63,0,5.88,IN,1612630915
flagstaff,35.1981,-111.6513,39.99,38,1,5.75,US,1612630877
tilichiki,60.4667,166.1,6.42,92,100,13.85,RU,1612630916
basirhat,22.6685,88.8697,66.2,63,20,3.44,IN,1612630916
soyo,-6.1349,12.3689,81.88,82,77,12.53,AO,1612630916
saint george,37.1041,-113.5841,48.99,49,1,3.44,US,1612630816
mosetse,-20.75,26.65,79.45,60,35,5.79,BW,1612630917
victor harbor,-35.5667,138.6167,60.01,98,100,3.0,AU,1612630917
camopi,3.1655,-52.3158,73.74,96,97,3.62,GF,1612630917
vao,-22.6667,167.4833,77.2,87,1,8.08,NC,1612630918
bredasdorp,-34.5322,20.0403,75.2,60,12,17.27,ZA,1612630918
labuhan,-6.8844,112.2051,78.64,85,74,11.41,ID,1612630919
kirkenaer,60.4564,12.0582,15.01,85,0,4.61,NO,1612630919
vilcun,-38.65,-72.2333,62.6,82,90,2.3,CL,1612630919
am timan,11.0297,20.2827,80.6,16,34,6.71,TD,1612630920
torbay,47.6666,-52.7314,37.99,80,90,5.75,CA,1612630920
tsumeb,-19.2333,17.7167,80.24,56,86,7.16,NA,1612630920
inhambane,-23.865,35.3833,86.0,70,40,9.22,MZ,1612630921
touros,-5.1989,-35.4608,89.6,45,40,14.97,BR,1612630921
cherskiy,68.75,161.3,-9.9,81,0,7.09,RU,1612630921
senneterre,48.3835,-77.2328,15.8,79,90,10.36,CA,1612630922
paita,-5.0892,-81.1144,78.98,60,53,9.1,PE,1612630922
guerrero negro,27.9769,-114.0611,63.12,64,0,6.51,MX,1612630922
altamira,-3.2033,-52.2064,89.6,62,40,8.05,BR,1612630923
salalah,17.0151,54.0924,75.2,69,40,8.05,OM,1612630923
manta,-0.95,-80.7333,82.4,74,75,4.61,EC,1612630807
bambous virieux,-20.3428,57.7575,80.01,83,20,5.75,MU,1612630924
astana,51.1801,71.446,30.2,80,0,26.84,KZ,1612630844
pangody,65.85,74.4859,-21.14,87,98,11.95,RU,1612630924
marondera,-18.1853,31.5519,65.37,87,78,4.99,ZW,1612630925
juodupe,56.0833,25.6167,5.4,95,75,4.18,LT,1612630925
burnie,-41.0667,145.9167,61.0,85,78,5.01,AU,1612630697
moose factory,51.2585,-80.6094,3.2,66,90,16.11,CA,1612630925
hovd,48.0056,91.6419,10.9,90,87,2.06,MN,1612630926
batemans bay,-35.7167,150.1833,64.0,91,0,3.27,AU,1612630926
usinsk,65.9939,57.5281,-30.57,83,19,13.65,RU,1612630926
faanui,-16.4833,-151.75,81.48,69,0,10.04,PF,1612630927
port blair,11.6667,92.75,78.98,76,0,7.99,IN,1612630927
sorong,-0.8833,131.25,80.78,79,100,1.16,ID,1612630927
richards bay,-28.783,32.0377,76.53,78,26,9.35,ZA,1612630928
sokoto,13.0609,5.239,90.52,12,70,9.22,NG,1612630928
itupiranga,-5.1347,-49.3267,91.4,49,75,6.91,BR,1612630928
husavik,66.0449,-17.3389,32.0,64,20,9.22,IS,1612630630
setermoen,68.861,18.3486,23.0,86,75,9.22,NO,1612630929
port arthur,38.8,121.2667,30.2,69,0,11.18,CN,1612630929
waingapu,-9.6567,120.2641,78.17,80,100,6.2,ID,1612630929
isangel,-19.55,169.2667,77.56,80,0,3.29,VU,1612630930
geraldton,-28.7667,114.6,69.8,94,90,21.85,AU,1612630930
westport,41.1415,-73.3579,39.99,60,1,11.5,US,1612630806
ossora,59.2353,163.0719,16.74,93,100,22.44,RU,1612630931
okhotsk,59.3833,143.3,2.26,90,100,8.72,RU,1612630931
hofn,64.2539,-15.2082,35.44,84,100,18.16,IS,1612630931
christchurch,-43.5333,172.6333,60.01,82,90,6.91,NZ,1612630745
shihezi,44.3,86.0333,14.38,92,47,0.43,CN,1612630932
asilah,35.465,-6.0348,59.0,77,75,17.27,MA,1612630932
voznesenye,61.0106,35.4781,5.45,94,100,9.28,RU,1612630933
buraydah,26.326,43.975,53.6,100,75,5.75,SA,1612630933
port hawkesbury,45.6169,-61.3485,46.99,76,1,16.11,CA,1612630834
tautira,-17.7333,-149.15,77.0,83,75,13.8,PF,1612630934
esperance,-33.8667,121.9,59.0,88,90,11.5,AU,1612630934
port elizabeth,-33.918,25.5701,73.4,83,75,14.97,ZA,1612630934
mar del plata,-38.0023,-57.5575,69.8,64,75,14.97,AR,1612630784
teya,60.3778,92.6267,15.75,93,100,10.47,RU,1612630935
san quintin,30.4833,-115.95,60.1,67,0,2.62,MX,1612630936
cabedelo,-6.9811,-34.8339,87.8,58,75,12.66,BR,1612630936
neuquen,-38.9516,-68.0591,77.0,47,0,9.22,AR,1612630766
abnub,27.2696,31.1511,66.2,59,0,10.36,EG,1612630819
ocampo,21.65,-101.5,65.98,26,49,17.78,MX,1612630937
iquique,-20.2208,-70.1431,77.0,50,0,16.11,CL,1612630915
kerman,30.2832,57.0788,57.2,9,0,2.66,IR,1612630938
saint-joseph,-21.3667,55.6167,82.4,74,90,4.61,RE,1612630938
ipixuna,-1.7625,-48.8043,82.4,83,75,8.05,BR,1612630938
boyabat,41.4689,34.7667,51.8,51,0,2.59,TR,1612630938
fortuna,40.5982,-124.1573,46.0,100,90,3.11,US,1612630939
nara,34.6851,135.8049,44.01,70,30,3.29,JP,1612630656
najran,17.4924,44.1277,77.0,29,40,9.22,SA,1612630939
sechura,-5.5569,-80.8222,82.04,52,92,6.55,PE,1612630940
grindavik,63.8424,-22.4338,35.6,75,75,17.27,IS,1612630940
bafq,31.6128,55.4107,60.44,29,0,6.87,IR,1612630940
virginia beach,36.8529,-75.978,53.6,26,20,5.75,US,1612630920
kahului,20.8947,-156.47,62.6,77,40,4.61,US,1612630941
dali,25.7,100.1833,46.42,56,1,5.12,CN,1612630942
fallon,39.4735,-118.7774,37.99,70,20,4.61,US,1612630942
port hedland,-20.3167,118.5667,78.8,78,40,6.91,AU,1612630942
opuwo,-18.0607,13.84,84.09,37,100,5.41,NA,1612630943
bargi,22.9833,79.8667,56.03,37,0,7.29,IN,1612630943
chatellerault,46.8,0.5333,46.99,93,90,11.5,FR,1612630943
kidal,18.4411,1.4078,86.99,12,65,12.21,ML,1612630944
cocorit,27.5833,-109.9667,57.2,51,1,2.62,MX,1612630944
dolores,-36.3132,-57.6792,97.14,15,0,11.03,AR,1612630945
altus,34.6381,-99.334,48.99,66,90,11.5,US,1612630945
pontes e lacerda,-15.2261,-59.3353,90.52,43,28,3.91,BR,1612630848
molchanovo,57.5817,83.7692,33.31,98,100,10.45,RU,1612630946
mahebourg,-20.4081,57.7,78.8,83,20,5.75,MU,1612630946
numata,36.6333,139.05,37.0,68,0,5.01,JP,1612630946
tuatapere,-46.1333,167.6833,51.58,86,1,3.74,NZ,1612630947
gamba,-2.65,10.0,81.23,85,86,8.14,GA,1612630947
sao filipe,14.8961,-24.4956,71.28,70,8,16.2,CV,1612630947
bethel,41.3712,-73.414,39.99,44,1,16.11,US,1612630948
soller,39.7662,2.7152,60.8,82,20,10.36,ES,1612630948
harper,4.375,-7.7169,82.92,75,45,9.33,LR,1612630949
vicuna,-30.0319,-70.7081,64.4,72,90,6.91,CL,1612630949
saskylakh,71.9167,114.0833,-36.08,81,76,5.03,RU,1612630949
longyearbyen,78.2186,15.6401,23.0,74,75,5.75,SJ,1612630889
boke,10.9409,-14.2967,100.54,10,40,9.84,GN,1612630950
batagay-alyta,67.8006,130.4114,-25.31,84,100,1.66,RU,1612630950
portland,45.5234,-122.6762,43.0,81,90,5.75,US,1612630853
papara,-3.9839,-38.7273,87.8,62,40,13.8,BR,1612630951
dingle,10.9995,122.6711,74.98,91,71,8.25,PH,1612630951
luderitz,-26.6481,15.1594,76.1,47,0,29.57,NA,1612630951
yaan,7.3833,8.5667,97.52,10,0,6.22,NG,1612630951
tura,25.5198,90.2201,57.72,70,35,3.69,IN,1612630952
florence,43.7667,11.25,59.0,72,0,1.14,IT,1612630864
alta floresta,-9.8756,-56.0861,76.06,88,100,6.44,BR,1612630952
pozo colorado,-23.4923,-58.7972,89.37,29,0,7.76,PY,1612630953
yinchuan,38.4681,106.2731,32.29,77,0,4.23,CN,1612630953
verkhnyaya inta,65.9811,60.3094,-28.5,85,56,9.19,RU,1612630953
san juan,-31.5375,-68.5364,92.1,21,0,5.59,AR,1612630954
davidson,36.1501,-86.7833,44.6,65,20,4.68,US,1612630954
zalari,53.5584,102.5065,7.3,92,100,5.14,RU,1612630955
igarka,67.4667,86.5833,-15.34,88,99,11.16,RU,1612630955
airai,-8.9266,125.4092,60.89,97,100,2.13,TL,1612630955
bengkulu,-3.8004,102.2655,76.48,82,82,5.48,ID,1612630956
mamallapuram,12.6264,80.1722,73.4,78,20,10.65,IN,1612630956
de aar,-30.6497,24.0123,91.56,11,10,10.27,ZA,1612630956
langsa,4.4683,97.9683,74.77,89,77,2.46,ID,1612630957
tommot,58.9564,126.2925,-19.82,83,100,1.01,RU,1612630957
banda aceh,5.5577,95.3222,78.67,83,46,7.87,ID,1612630682
yar-sale,66.8333,70.8333,-30.8,84,100,13.56,RU,1612630958
grand forks,47.9417,-97.4337,-13.0,58,1,19.57,US,1612630958
urdoma,61.7533,48.5442,-6.05,87,100,11.56,RU,1612630959
biak,-0.9131,122.8766,76.75,78,100,3.04,ID,1612630728
faya,18.3851,42.4509,55.4,76,40,11.5,SA,1612630960
fujin,47.26,132.0322,-10.48,88,3,7.23,CN,1612630960
los llanos de aridane,28.6585,-17.9182,66.2,59,20,20.71,ES,1612630960
kashi,39.4547,75.9797,39.2,45,20,8.95,CN,1612630960
seoul,37.5683,126.9778,46.4,87,75,6.91,KR,1612630845
namatanai,-3.6667,152.4333,79.05,80,79,2.73,PG,1612630961
taitung,22.7583,121.1444,66.51,66,0,5.84,TW,1612630961
saint anthony,45.0205,-93.218,-0.4,60,90,18.41,US,1612630962
nouadhibou,20.931,-17.0347,71.6,49,0,19.57,MR,1612630962
mega,4.05,38.3,68.34,46,57,7.67,ET,1612630963
mehamn,71.0357,27.8492,25.72,94,100,19.71,NO,1612630964
yulara,-25.2406,130.9889,78.8,31,18,8.05,AU,1612630964
samarai,-10.6167,150.6667,82.33,77,100,6.08,PG,1612630965
saint-pierre,-21.3393,55.4781,82.4,74,90,4.61,RE,1612630965
aquiraz,-3.9014,-38.3911,87.8,62,40,13.8,BR,1612630965
vagur,61.4732,-6.8119,37.49,76,100,23.33,FO,1612630965
zeya,53.75,127.2667,-15.5,82,0,3.91,RU,1612630966
rurrenabaque,-14.4413,-67.5278,91.4,62,75,5.57,BO,1612630966
ribeira brava,32.65,-17.0667,60.01,72,43,4.0,PT,1612630967
kamenka,51.3223,42.7678,15.01,83,100,11.65,RU,1612630967
bilibino,68.0546,166.4372,-9.09,83,0,2.8,RU,1612630967
maumere,-8.6199,122.2111,79.11,79,83,2.66,ID,1612630968
bull savanna,17.8868,-77.5902,80.78,66,29,21.92,JM,1612630968
ilulissat,69.2167,-51.1,19.4,38,40,21.85,GL,1612630968
palauig,15.435,119.9045,79.03,74,11,2.28,PH,1612630968
yenangyaung,20.4667,94.8833,70.43,54,47,2.55,MM,1612630969
padang,-0.9492,100.3543,75.2,88,20,2.3,ID,1612630878
sinnamary,5.3833,-52.95,79.99,84,89,15.64,GF,1612630969
norton shores,43.1689,-86.2639,18.0,62,90,13.8,US,1612630970
aranos,-24.1333,19.1167,89.64,21,32,12.57,NA,1612630970
west bay,19.3667,-81.4167,86.0,79,20,13.8,KY,1612630970
bermejo,-32.8833,-68.8,86.0,30,20,8.05,AR,1612630970
fort nelson,58.8053,-122.7002,-36.4,67,20,2.3,CA,1612630971
duldurga,50.6761,113.5931,-6.66,87,47,3.47,RU,1612630972
myaundzha,63.0494,147.1858,-28.55,82,5,0.65,RU,1612630972
udachnyy,66.4167,112.4,-36.09,79,0,4.21,RU,1612630972
yabelo,4.8833,38.0833,70.39,38,67,4.83,ET,1612630973
chambas,22.1928,-78.9136,84.2,74,40,6.91,CU,1612630973
panzhihua,26.5851,101.7128,46.99,50,0,0.78,CN,1612630973
homer,59.6425,-151.5483,35.6,75,20,4.61,US,1612630974
pedra azul,-16.0053,-41.2972,81.0,69,96,4.12,BR,1612630974
popondetta,-8.7537,148.2534,74.64,92,100,2.53,PG,1612630974
kavali,14.9167,79.9833,72.61,67,1,8.23,IN,1612630974
balsas,-7.5325,-46.0356,78.84,77,100,2.57,BR,1612630975
constantine,36.365,6.6147,71.6,17,2,20.71,DZ,1612630709
sovetskiy,61.3614,63.5842,-3.78,92,100,12.24,RU,1612630767
taksimo,56.3444,114.8794,-10.39,78,97,1.99,RU,1612630976
maniitsoq,65.4167,-52.9,24.93,78,0,11.88,GL,1612630747
mabiton,12.8334,123.2612,78.22,84,12,10.49,PH,1612630976
matagami,49.7502,-77.6328,14.0,79,90,9.22,CA,1612630976
lavrentiya,65.5833,-171.0,-4.02,82,81,6.15,RU,1612630977
pedernales,18.0384,-71.744,86.18,53,38,9.22,DO,1612630978
mangrol,21.1167,70.1167,70.47,48,0,6.29,IN,1612630978
ust-maya,60.4167,134.5333,-26.45,85,100,1.36,RU,1612630978
gizo,-8.103,156.8419,82.13,78,75,13.65,SB,1612630978
hukuntsi,-24.0,21.75,77.94,61,12,13.29,BW,1612630979
flin flon,54.7682,-101.865,-29.2,62,1,11.5,CA,1612630979
fairbanks,64.8378,-147.7164,-9.4,77,90,1.01,US,1612630682
george,-33.963,22.4617,73.4,73,40,10.36,ZA,1612630980
omsukchan,62.5333,155.8,-14.3,87,86,0.92,RU,1612630980
sindor,62.8629,51.8905,-9.15,86,100,12.48,RU,1612630980
lakota,5.8528,-5.6883,91.15,47,78,2.15,CI,1612630980
lingyuan,41.24,119.4011,15.62,91,69,4.88,CN,1612630981
mae ramat,16.984,98.5166,71.1,60,1,0.83,TH,1612630981
oranjemund,-28.55,16.4333,67.35,81,0,18.99,NA,1612630982
chandler,33.3062,-111.8412,61.0,41,0,1.01,US,1612630893
lerwick,60.1545,-1.1494,35.6,51,90,20.71,GB,1612630982
nanning,22.8167,108.3167,59.0,88,0,2.24,CN,1612630982
pemba,-12.974,40.5178,84.2,84,75,10.36,MZ,1612630983
yerbogachen,61.2767,108.0108,-11.97,90,89,3.2,RU,1612630983
tara,56.8944,74.371,32.76,96,100,14.74,RU,1612630983
kirovohrad,48.5132,32.2597,22.14,92,89,5.82,UA,1612630984
tahe,52.3333,124.7333,-15.36,87,54,3.27,CN,1612630984
axim,4.8699,-2.2405,82.87,77,19,9.82,GH,1612630984
anisoc,1.8658,10.7689,75.83,87,3,4.65,GQ,1612630984
meulaboh,4.1363,96.1285,79.48,81,63,3.36,ID,1612630985
talnakh,69.4865,88.3972,-29.07,76,0,3.47,RU,1612630985
kipini,-2.5257,40.5262,80.6,78,20,9.22,KE,1612630985
adrar,20.5022,-10.0711,70.57,23,43,14.97,MR,1612630986
toamasina,-18.1667,49.3833,82.4,89,20,8.05,MG,1612630986
kieta,-6.2167,155.6333,80.01,79,92,7.83,PG,1612630987
kailua,21.4022,-157.7394,64.4,82,20,3.8,US,1612630987
midland,31.9974,-102.0779,59.0,18,1,18.41,US,1612630987
inuvik,68.3499,-133.7218,-20.2,69,100,3.44,CA,1612630988
katsuura,35.1333,140.3,48.0,87,20,11.5,JP,1612630988
vanimo,-2.6741,141.3028,77.07,85,99,4.29,PG,1612630872
wabana,47.6332,-52.9481,37.4,81,90,5.75,CA,1612630989
parauna,-16.9478,-50.4486,81.18,75,61,2.59,BR,1612630989
porto novo,6.4965,2.6036,89.6,70,40,12.66,BJ,1612630989
quatre cocos,-20.2078,57.7625,80.01,83,20,5.75,MU,1612630990
chancay,-11.5714,-77.2672,77.0,78,0,8.05,PE,1612630990
san javier,37.8063,-0.8374,63.0,63,0,16.11,ES,1612630990
santa,17.486,120.4348,75.52,75,0,4.27,PH,1612630991
awjilah,29.1081,21.2869,66.04,30,49,6.67,LY,1612630991
mao,39.8885,4.2658,59.0,88,0,10.36,ES,1612630991
qaqortoq,60.7167,-46.0333,33.8,25,1,24.16,GL,1612630992
vila velha,-20.3297,-40.2925,84.99,74,20,14.97,BR,1612630839
belmonte,-15.8631,-38.8828,84.2,79,75,11.5,BR,1612630992
murbad,19.25,73.4,80.6,39,0,9.22,IN,1612630992
van buren,35.4368,-94.3483,48.0,53,90,12.66,US,1612630993
talara,-4.5772,-81.2719,79.59,62,56,14.67,PE,1612630993
shingu,33.7333,135.9833,45.0,78,0,6.46,JP,1612630993
chiajna,44.46,25.9733,39.2,93,90,8.05,RO,1612630743
zarubino,42.63,131.0922,18.93,94,98,10.69,RU,1612630994
oussouye,12.485,-16.5469,78.8,47,0,13.8,SN,1612630994
eyl,7.9803,49.8164,75.87,81,0,15.86,SO,1612630994
tecoanapa,16.5167,-98.75,82.71,59,74,7.09,MX,1612630995
urengoy,65.9667,78.3667,-12.91,89,100,12.28,RU,1612630995
praia,14.9215,-23.5087,73.4,56,75,26.46,CV,1612630995
chapais,49.7834,-74.8492,17.6,67,20,12.66,CA,1612630961
katherine,-14.4667,132.2667,77.0,88,75,5.75,AU,1612630996
mirabad,30.4362,61.8383,56.35,27,0,5.32,AF,1612630996
jatai,-17.8814,-51.7144,81.37,69,71,8.34,BR,1612630996
balabac,7.9868,117.0645,80.1,83,100,14.12,PH,1612630997
gueugnon,46.6036,4.0629,48.99,93,0,4.61,FR,1612630997
monrovia,6.3005,-10.7969,80.6,78,75,3.44,LR,1612630997
pangnirtung,66.1451,-65.7125,15.8,79,75,8.05,CA,1612630998
sao pedro,-22.5486,-47.9139,82.09,53,34,6.89,BR,1612630998
korla,41.7597,86.1469,29.01,84,63,2.62,CN,1612630998
mawlaik,23.6333,94.4167,63.16,49,2,1.77,MM,1612630999
paamiut,61.994,-49.6678,23.04,81,0,7.18,GL,1612630989
zlobin,45.2924,14.6541,55.99,82,90,2.3,HR,1612630999
barra patuca,15.8,-84.2833,83.84,68,44,9.8,HN,1612631000
chivilcoy,-34.8957,-60.0167,90.0,69,0,3.0,AR,1612631000
bom jardim,-7.7958,-35.5872,93.94,29,40,12.1,BR,1612631000
tygda,53.1167,126.3333,-18.33,84,0,4.45,RU,1612631001
arroio grande,-32.2375,-53.0869,80.06,52,0,8.21,BR,1612631001
alice springs,-23.7,133.8833,75.2,33,42,5.75,AU,1612631001
kupang,-10.1667,123.5833,79.43,83,95,7.85,ID,1612631002
pangkalanbuun,-2.6833,111.6167,75.18,97,100,3.0,ID,1612631002
antsohihy,-14.8796,47.9875,77.04,89,100,2.89,MG,1612631003
camapua,-19.5314,-54.0439,83.84,49,30,5.99,BR,1612631003
korgen,66.0771,13.8153,10.0,85,0,5.75,NO,1612631003
sarangani,5.4033,125.4636,82.54,71,100,6.69,PH,1612631003
malpur,23.35,73.45,63.61,29,0,8.57,IN,1612631004
ust-kuyga,70.0167,135.6,-27.26,83,100,3.04,RU,1612631004
haines junction,60.7522,-137.5108,-27.4,68,89,0.67,CA,1612631004
ostrovnoy,68.0531,39.5131,13.6,94,100,12.39,RU,1612631005
nome,64.5011,-165.4064,15.8,79,90,2.77,US,1612631005
carmen,18.6333,-91.8333,77.0,73,1,9.22,MX,1612630930
beira,-19.8436,34.8389,86.0,74,75,9.22,MZ,1612631005
llanes,43.4198,-4.7549,48.99,98,100,1.01,ES,1612631006
hirado,33.3597,129.5531,46.0,58,34,1.99,JP,1612631006
hobyo,5.3505,48.5268,77.99,72,2,12.86,SO,1612631006
shelburne,44.0787,-80.2041,18.0,85,95,22.06,CA,1612631007
broome,42.2506,-75.833,28.4,43,1,13.8,US,1612631007
south lake tahoe,38.9332,-119.9844,37.99,73,1,4.61,US,1612631008
mahanoro,-19.9,48.8,80.89,80,97,10.33,MG,1612631008
antananarivo,-18.9137,47.5361,68.0,88,75,5.75,MG,1612631008
palmer,42.1584,-72.3287,39.99,41,40,25.32,US,1612631009
bajil,15.0584,43.2851,74.91,68,7,7.9,YE,1612631009
muroto,33.2833,134.15,53.35,70,0,5.26,JP,1612631009
gravdal,68.1214,13.5031,32.74,89,81,20.94,NO,1612631009
rudnogorsk,57.2639,103.7519,5.09,96,100,3.85,RU,1612631010
hirara,24.8,125.2833,70.02,65,0,7.29,JP,1612631010
havoysund,70.9963,24.6622,24.8,74,40,14.97,NO,1612631010
cullinan,-25.6709,28.5236,70.0,92,100,5.01,ZA,1612631011
prince rupert,54.3161,-130.3201,37.4,87,90,5.75,CA,1612631011
tezu,27.9167,96.1667,61.38,31,5,3.87,IN,1612631011
jiazi,22.8779,116.067,63.82,76,0,4.81,CN,1612631012
komsomolskiy,40.4272,71.7189,42.8,52,100,4.61,UZ,1612631012
la rioja,42.25,-2.5,46.4,87,90,10.36,ES,1612631012
ust-karsk,52.7011,118.8077,-15.54,84,1,1.43,RU,1612631012
hojai,26.0,92.8667,61.88,62,4,2.82,IN,1612631013
mount gambier,-37.8333,140.7667,57.2,88,90,8.05,AU,1612631013
zambezi,-13.5432,23.1047,73.8,81,74,2.44,ZM,1612631013
svetlyy,54.675,20.1347,8.6,92,40,6.71,RU,1612631014
upata,8.0086,-62.3989,87.44,41,100,6.64,VE,1612631014
bethanien,-26.502,17.1583,93.81,10,0,23.6,NA,1612631014
turukhansk,65.8167,87.9833,-5.75,91,100,17.05,RU,1612631015
macapa,0.0389,-51.0664,91.4,66,40,9.22,BR,1612630990
dedovichi,57.5517,29.9502,5.27,94,98,9.01,RU,1612631015
bazaliya,49.7127,26.4733,25.41,83,97,7.9,UA,1612631016
kamaishi,39.2667,141.8833,40.12,84,83,4.25,JP,1612631016
inta,66.0317,60.1659,-29.09,84,70,11.77,RU,1612631016
arua,3.0201,30.9111,75.85,24,13,5.82,UG,1612630763
shiraz,29.6036,52.5388,55.4,41,75,4.61,IR,1612631017
merauke,-8.4667,140.3333,80.11,84,100,15.21,ID,1612631017
wilmington,34.2257,-77.9447,50.0,53,40,8.05,US,1612630815
barkly west,-28.5354,24.5215,82.4,54,0,5.75,ZA,1612631018
telciu,47.4333,24.4,40.62,86,100,0.76,RO,1612631018
guangyuan,32.442,105.823,49.59,50,75,2.28,CN,1612631019
ios,36.7333,25.2833,61.0,94,0,10.36,GR,1612631019
southbridge,42.0751,-72.0334,37.0,49,60,1.99,US,1612631019
kulhudhuffushi,6.6221,73.07,82.13,74,50,9.78,MV,1612631019
gunnedah,-30.9833,150.25,69.01,98,89,2.24,AU,1612631020
hami,42.8,93.45,31.8,80,100,4.0,CN,1612631020
tongliao,43.6125,122.2653,3.52,89,9,7.76,CN,1612631020
bambanglipuro,-7.95,110.2833,77.72,85,100,3.13,ID,1612630990
kremenchuk,49.0973,33.4197,23.9,90,68,8.5,UA,1612631021
slave lake,55.2834,-114.769,-25.6,75,40,5.75,CA,1612631022
jiayuguan,39.8167,98.3,27.48,69,13,1.19,CN,1612631022
tarauaca,-8.1614,-70.7656,88.45,59,86,3.11,BR,1612631022
beloha,-25.1667,45.05,78.91,78,8,7.02,MG,1612631022
tuy hoa,13.0833,109.3,71.33,87,96,5.82,VN,1612631023
fayetteville,35.0527,-78.8784,53.01,40,20,5.75,US,1612630910
port augusta,-32.5,137.7667,64.4,88,90,13.8,AU,1612631023
puerto narino,-3.7703,-70.3831,86.0,74,75,2.3,CO,1612631024
sabha,27.0377,14.4283,68.72,22,43,6.96,LY,1612631024
ercis,39.0287,43.3586,30.2,86,20,1.14,TR,1612631024
howard springs,-12.497,131.047,82.4,83,40,11.5,AU,1612631025
finnsnes,69.2296,17.9811,23.0,86,75,9.22,NO,1612631025
shenjiamen,29.9576,122.298,49.68,81,2,2.42,CN,1612631025
goderich,43.7501,-81.7165,17.6,67,100,24.16,CA,1612631025
kavieng,-2.5744,150.7967,81.82,71,96,2.51,PG,1612631026
kavaratti,10.5669,72.642,81.21,66,0,10.0,IN,1612631026
umm lajj,25.0213,37.2685,72.79,56,0,17.2,SA,1612631027
cobija,-11.0267,-68.7692,80.6,83,75,4.61,BO,1612631027
bunia,1.5667,30.25,71.98,33,4,1.79,CD,1612631027
uitenhage,-33.7576,25.3971,73.4,83,75,14.97,ZA,1612631027
sitka,57.0531,-135.33,35.6,93,90,12.66,US,1612630870
nizwa,22.9333,57.5333,61.03,33,0,6.53,OM,1612631028
ulagan,50.6321,87.9563,13.14,85,4,3.36,RU,1612631029
xiaoweizhai,26.1903,107.5125,54.1,75,0,3.18,CN,1612631029
pyapon,16.2833,95.6833,72.73,75,0,7.47,MM,1612631029
bonfim,3.0833,-59.95,91.92,41,81,10.78,BR,1612631029
lompoc,34.6391,-120.4579,55.0,76,1,5.75,US,1612631030
wewak,-3.5534,143.6268,78.57,83,99,4.61,PG,1612631028
el tigre,8.8875,-64.2454,87.39,42,100,11.63,VE,1612631030
klaksvik,62.2266,-6.589,35.6,64,40,20.71,FO,1612631030
havre-saint-pierre,50.2334,-63.5986,32.0,93,90,13.8,CA,1612631031
gat,31.61,34.7642,63.0,100,17,3.36,IL,1612631031
mahajanga,-15.7167,46.3167,82.4,74,40,5.75,MG,1612631031
roros,62.5747,11.3842,-4.0,84,0,2.3,NO,1612630988
liliani,32.2065,72.9537,54.45,46,0,3.04,PK,1612631032
madang,-5.2246,145.7966,76.33,91,100,9.78,PG,1612631032
anna,51.4842,40.4299,7.14,94,100,10.11,RU,1612630954
makakilo city,21.3469,-158.0858,62.6,82,75,3.44,US,1612630902
marzuq,14.4,46.4667,60.89,74,0,6.64,YE,1612631033
wamba,8.9333,8.6,94.86,11,73,5.53,NG,1612631033
conde,-7.2597,-34.9075,89.6,58,40,10.36,BR,1612631034
ginda,30.6945,78.4932,37.87,57,0,7.07,IN,1612631034
bayan,46.0833,127.4,-11.69,88,0,3.69,CN,1612631034
santa marta,11.2408,-74.199,89.01,60,90,1.01,CO,1612630949
basqal,40.7552,48.391,42.8,75,40,9.22,AZ,1612631035
maragogi,-9.0122,-35.2225,85.42,62,47,14.47,BR,1612631035
acapulco,16.8634,-99.8901,84.2,65,20,5.75,MX,1612631035
san matias,-16.3667,-58.4,93.25,31,45,6.46,BO,1612631036
bubaque,11.2833,-15.8333,79.63,59,23,16.37,GW,1612631036
mattoon,39.4831,-88.3728,25.0,58,1,5.75,US,1612631036
talcahuano,-36.7167,-73.1167,60.8,82,90,4.61,CL,1612630789
bandarbeyla,9.4942,50.8122,76.93,78,15,13.29,SO,1612631037
mandali,33.7499,45.5541,56.64,84,100,7.25,IQ,1612631037
